Mois,CA,Coûts des produits vendus,Marge brute,CACHETS,CASH POWER,MARKETING_ADMIN,RH,Autres,OPEX,Resultat d'exploitation,Resultat avant Impôts,Resultat net comptable,Tresorerie net d'exploitation,Travaux et equipements,Tresorerie net d'investissement,Resultat net,Working Capital,Trésorerie Fin de Mois,CONSOMMABLES,DRINKS,EATS,SMOKE,Taux marge brute,Taux EATS,Taux DRINKS,Taux SMOKE,Profitabilité
2023-04,3527300.0,2973450.0,553850.0,20000.0,0.0,145100.0,549500.0,90400.0,846600.0,-292750.0,-292750.0,-292750.0,-292750.0,-114000.0,-114000.0,-406750.0,3344550.0,3344550.0,41600.0,2281460.0,525790.0,166200.0,0.15701811583931052,0.15,0.65,0.05,-0.12
2023-05,12225050.0,5708800.0,6516250.0,335000.0,470000.0,227700.0,1399000.0,606022.26,3218972.26,3297277.74,3297277.74,3297277.74,3297277.74,-3087027.39623,-3087027.39623,210250.34377000015,10505649.656229999,10505649.656229999,181250.0,3018750.0,2368050.0,322000.0,0.5330244048081603,0.19,0.25,0.03,0.02
2023-06,20471000.0,8370550.0,12100450.0,480000.0,550000.0,48300.0,1736000.0,560100.0,3575300.0,8525150.0,8525150.0,8525150.0,8525150.0,-1972000.0,-1972000.0,6553150.0,12181850.0,12181850.0,200900.0,5414050.0,2538900.0,417600.0,0.5911020467979092,0.12,0.26,0.02,0.32
2023-07,28821750.0,15470625.0,13351125.0,630000.0,500000.0,177600.0,1809500.0,409125.0,3794825.0,9556300.0,9556300.0,9556300.0,9556300.0,-1159300.0,-1159300.0,8397000.0,18715250.0,18715250.0,268600.0,11641050.0,3047575.0,782000.0,0.46323089333576206,0.11,0.4,0.03,0.29
2023-08,41694100.0,18223750.0,23470350.0,590000.0,705000.0,8000.0,2026000.0,981350.0,4753550.0,18716800.0,18716800.0,18716800.0,18716800.0,-2488050.0,-2488050.0,16228750.0,23539350.0,23539350.0,443200.0,13871350.0,3497400.0,855000.0,0.5629177749369815,0.08,0.33,0.02,0.39
2023-09,39386850.0,15217750.0,24169100.0,655000.0,300500.0,104000.0,1887500.0,518600.0,3736200.0,20432900.0,20432900.0,20432900.0,20432900.0,-1984000.0,-1984000.0,18448900.0,19050450.0,19050450.0,270600.0,11768250.0,2752000.0,697500.0,0.6136337381638796,0.07,0.3,0.02,0.47
2023-10,37925250.0,18315700.0,19609550.0,410000.0,875000.0,5900.0,1953000.0,924200.0,4550700.0,15058850.0,15058850.0,15058850.0,15058850.0,-1613300.0,-1613300.0,13445550.0,22526700.0,22526700.0,382600.0,14205300.0,3242900.0,867500.0,0.517057896783805,0.09,0.37,0.02,0.35
