Mois,CA,Coûts des produits vendus,Marge brute,CACHETS,CASH POWER,MARKETING_ADMIN,RH,Autres,OPEX,Resultat d'exploitation,Resultat avant Impôts,Resultat net comptable,Tresorerie net d'exploitation,Travaux et equipements,Tresorerie net d'investissement,Resultat net,Working Capital,Trésorerie Fin de Mois,Taux marge brute,CONSOMMABLES,DRINKS,EATS,SMOKE
2023-04,0,2973450.0,-2973450.0,20000.0,0.0,145100.0,549500.0,90400.0,846600.0,-3820050.0,-3820050.0,-3820050.0,-3820050.0,-114000.0,-114000.0,-3934050.0,0.0,0.0,,41600.0,2281460.0,525790.0,166200.0
2023-05,0,6179050.0,-6179050.0,335000.0,470000.0,227700.0,1399000.0,606022.26,3218972.26,-9398022.26,-9398022.26,-9398022.26,-9398022.26,-3087027.39623,-3087027.39623,-12485049.656229999,0.0,0.0,,181250.0,3489000.0,2368050.0,322000.0
2023-06,0,8370550.0,-8370550.0,480000.0,550000.0,48300.0,1736000.0,560100.0,3575300.0,-11945850.0,-11945850.0,-11945850.0,-11945850.0,-1972000.0,-1972000.0,-13917850.0,0.0,0.0,,200900.0,5414050.0,2538900.0,417600.0
2023-07,0,15470625.0,-15470625.0,630000.0,500000.0,177600.0,1809500.0,409125.0,3794825.0,-19265450.0,-19265450.0,-19265450.0,-19265450.0,-1159300.0,-1159300.0,-20424750.0,0.0,0.0,,268600.0,11641050.0,3047575.0,782000.0
